{"content": {"suites": {"0": {"status": {"total_pass": 2, "total_skip": 0, "total_xpass": 0, "total_xfail": 0, "total_rerun": 0, "total_fail": 0, "total_error": 0}, "tests": {"0": {"status": "PASS", "message": "", "test_name": "test_docker_getStarted", "rerun": "0"}, "1": {"status": "PASS", "message": "", "test_name": "test_docker_HoverAndClickDevelopers", "rerun": "0"}}, "suite_name": "testScripts/test_docker_class.py"}, "1": {"suite_name": "testScripts/test_docker_object.py", "tests": {"0": {"status": "PASS", "message": "", "test_name": "test_docker_logo", "rerun": "0"}, "1": {"status": "PASS", "message": "", "test_name": "test_HeaderMenuLinks", "rerun": "0"}}, "status": {"total_pass": 2, "total_skip": 0, "total_xpass": 0, "total_xfail": 0, "total_rerun": 0, "total_fail": 0, "total_error": 0}}, "2": {"suite_name": "testScripts/test_google.py", "tests": {"0": {"status": "PASS", "message": "", "test_name": "test_google_title", "rerun": "0"}}, "status": {"total_pass": 1, "total_skip": 0, "total_xpass": 0, "total_xfail": 0, "total_rerun": 0, "total_fail": 0, "total_error": 0}}, "3": {"suite_name": "testScripts/test_google_class.py", "tests": {"0": {"status": "FAIL", "message": "   selenium.common.exceptions.NoSuchElementException: Message: no such element: Unable to locate element: {\"method\":\"xpath\",\"selector\":\"//input[@name='q']\"}\n     (Session info: chrome=111.0.5563.65)\n   Stacktrace:\n   Backtrace:\n   \t(No symbol) [0x002EDCE3]\n   \t(No symbol) [0x002839D1]\n   \t(No symbol) [0x00194DA8]\n   \t(No symbol) [0x001C019F]\n   \t(No symbol) [0x001C03AB]\n   \t(No symbol) [0x001EEE62]\n   \t(No symbol) [0x001DAF14]\n   \t(No symbol) [0x001ED57C]\n   \t(No symbol) [0x001DACC6]\n   \t(No symbol) [0x001B6F68]\n   \t(No symbol) [0x001B80CD]\n   \tGetHandleVerifier [0x00563832+2506274]\n   \tGetHandleVerifier [0x00599794+2727300]\n   \tGetHandleVerifier [0x0059E36C+2746716]\n   \tGetHandleVerifier [0x00396690+617600]\n   \t(No symbol) [0x0028C712]\n   \t(No symbol) [0x00291FF8]\n   \t(No symbol) [0x002920DB]\n   \t(No symbol) [0x0029C63B]\n   \tBaseThreadInitThunk [0x761200F9+25]\n   \tRtlGetAppContainerNamedObjectPath [0x77077BBE+286]\n   \tRtlGetAppContainerNamedObjectPath [0x77077B8E+238]\n   \t(No symbol) [0x00000000]\n", "test_name": "test_google_Search", "rerun": "0"}}, "status": {"total_pass": 0, "total_skip": 0, "total_xpass": 0, "total_xfail": 0, "total_rerun": 0, "total_fail": 1, "total_error": 0}}, "4": {"suite_name": "testScripts/test_google_cls.py", "tests": {"0": {"status": "ERROR", "message": "request = <SubRequest 'crossbrowsertesting' for <Function test_google_Search>>\nparams = {'browser': None}\n\n    @pytest.fixture()\n    def crossbrowsertesting(request, params):\n        print(\"initiating chrome driver\")\n        driver = \"\"\n        if params[\"browser\"]==\"chrome\":\n            driver=webdriver.Chrome(service=Service(ChromeDriverManager().install()))\n        if params[\"browser\"] == \"firefox\":\n            driver = webdriver.Firefox(service=Service(GeckoDriverManager().install()))\n        request.cls.driver =driver\n>       driver.maximize_window()\nE       AttributeError: 'str' object has no attribute 'maximize_window'\n\ntestScripts\\conftest.py:53: AttributeError\n", "test_name": "test_google_Search", "rerun": "0"}}, "status": {"total_pass": 0, "total_skip": 0, "total_xpass": 0, "total_xfail": 0, "total_rerun": 0, "total_fail": 0, "total_error": 1}}}}, "date": "March 17, 2023", "start_time": 1679047413.4142218, "total_suite": 5, "status": "FAIL", "status_list": {"pass": "5", "fail": "1", "skip": "0", "error": "1", "xpass": "0", "xfail": "0", "rerun": "0"}, "total_tests": "7"}