{"content": {"suites": {"0": {"status": {"total_pass": 2, "total_skip": 0, "total_xpass": 0, "total_xfail": 0, "total_rerun": 0, "total_fail": 0, "total_error": 1}, "tests": {"0": {"status": "ERROR", "message": "@pytest.fixture()\n    def jsonData():\n>       with open('../testData/testData.json')as config_file:\nE       FileNotFoundError: [Errno 2] No such file or directory: '../testData/testData.json'\n\ntestScripts\\conftest.py:64: FileNotFoundError\n", "test_name": "test_google_Logo", "rerun": "0"}, "1": {"status": "PASS", "message": "", "test_name": "test_google_Search", "rerun": "0"}, "2": {"status": "PASS", "message": "", "test_name": "test_google_title", "rerun": "0"}}, "suite_name": "testScripts/test_google_cls.py"}}}, "date": "March 17, 2023", "start_time": 1679048659.502223, "total_suite": 1, "status": "FAIL", "status_list": {"pass": "2", "fail": "0", "skip": "0", "error": "1", "xpass": "0", "xfail": "0", "rerun": "0"}, "total_tests": "3"}