{"content": {"suites": {"0": {"status": {"total_pass": 0, "total_skip": 0, "total_xpass": 0, "total_xfail": 0, "total_rerun": 0, "total_fail": 0, "total_error": 3}, "tests": {"0": {"status": "ERROR", "message": "file C:\\Users\\158202\\PycharmProjects\\Session_Pytest_framework\\testScripts\\test_google_cls.py, line 15\n      @pytest.mark.smoke\n      def test_google_Logo(self):\nfile C:\\Users\\158202\\PycharmProjects\\Session_Pytest_framework\\testScripts\\conftest.py, line 43\n  @pytest.fixture(scope=\"class\")\n  def crossbrowsertesting(request,params):\nE       fixture 'params' not found\n>       available fixtures: browser, browser_cls, cache, capfd, capfdbinary, caplog, capsys, capsysbinary, crossbrowsertesting, doctest_namespace, extra, extras, include_metadata_in_junit_xml, metadata, monkeypatch, pytestconfig, record_property, record_testsuite_property, record_xml_attribute, recwarn, tmp_path, tmp_path_factory, tmpdir, tmpdir_factory\n>       use 'pytest --fixtures [testpath]' for help on them.\n\nC:\\Users\\158202\\PycharmProjects\\Session_Pytest_framework\\testScripts\\conftest.py:43\n", "test_name": "test_google_Logo", "rerun": "0"}, "1": {"status": "ERROR", "message": "file C:\\Users\\158202\\PycharmProjects\\Session_Pytest_framework\\testScripts\\test_google_cls.py, line 20\n      @pytest.mark.regression\n      def test_google_Search(self):\nfile C:\\Users\\158202\\PycharmProjects\\Session_Pytest_framework\\testScripts\\conftest.py, line 43\n  @pytest.fixture(scope=\"class\")\n  def crossbrowsertesting(request,params):\nE       fixture 'params' not found\n>       available fixtures: browser, browser_cls, cache, capfd, capfdbinary, caplog, capsys, capsysbinary, crossbrowsertesting, doctest_namespace, extra, extras, include_metadata_in_junit_xml, metadata, monkeypatch, pytestconfig, record_property, record_testsuite_property, record_xml_attribute, recwarn, tmp_path, tmp_path_factory, tmpdir, tmpdir_factory\n>       use 'pytest --fixtures [testpath]' for help on them.\n\nC:\\Users\\158202\\PycharmProjects\\Session_Pytest_framework\\testScripts\\conftest.py:43\n", "test_name": "test_google_Search", "rerun": "0"}, "2": {"status": "ERROR", "message": "file C:\\Users\\158202\\PycharmProjects\\Session_Pytest_framework\\testScripts\\test_google_cls.py, line 26\n      @pytest.mark.regression\n      def test_google_title(self):\nfile C:\\Users\\158202\\PycharmProjects\\Session_Pytest_framework\\testScripts\\conftest.py, line 43\n  @pytest.fixture(scope=\"class\")\n  def crossbrowsertesting(request,params):\nE       fixture 'params' not found\n>       available fixtures: browser, browser_cls, cache, capfd, capfdbinary, caplog, capsys, capsysbinary, crossbrowsertesting, doctest_namespace, extra, extras, include_metadata_in_junit_xml, metadata, monkeypatch, pytestconfig, record_property, record_testsuite_property, record_xml_attribute, recwarn, tmp_path, tmp_path_factory, tmpdir, tmpdir_factory\n>       use 'pytest --fixtures [testpath]' for help on them.\n\nC:\\Users\\158202\\PycharmProjects\\Session_Pytest_framework\\testScripts\\conftest.py:43\n", "test_name": "test_google_title", "rerun": "0"}}, "suite_name": "testScripts/test_google_cls.py"}}}, "date": "March 17, 2023", "start_time": 1679042219.5824356, "total_suite": 1, "status": "FAIL", "status_list": {"pass": "0", "fail": "0", "skip": "0", "error": "3", "xpass": "0", "xfail": "0", "rerun": "0"}, "total_tests": "3"}