{"content": {"suites": {"0": {"status": {"total_pass": 3, "total_skip": 0, "total_xpass": 0, "total_xfail": 0, "total_rerun": 0, "total_fail": 1, "total_error": 0}, "tests": {"0": {"status": "PASS", "message": "", "test_name": "test_docker_logo", "rerun": "0"}, "1": {"status": "PASS", "message": "", "test_name": "test_docker_getStarted", "rerun": "0"}, "2": {"status": "PASS", "message": "", "test_name": "test_docker_HoverAndClickDevelopers", "rerun": "0"}, "3": {"status": "FAIL", "message": "   TypeError: DockerTest() takes no arguments\n", "test_name": "test_PrintAllLinks", "rerun": "0"}}, "suite_name": "testScripts/test_docker_object.py"}}}, "date": "March 17, 2023", "start_time": 1679038614.8922389, "total_suite": 1, "status": "FAIL", "status_list": {"pass": "3", "fail": "1", "skip": "0", "error": "0", "xpass": "0", "xfail": "0", "rerun": "0"}, "total_tests": "4"}