{"content": {"suites": {"0": {"status": {"total_pass": 2, "total_skip": 0, "total_xpass": 0, "total_xfail": 0, "total_rerun": 0, "total_fail": 1, "total_error": 0}, "tests": {"0": {"status": "PASS", "message": "", "test_name": "test_google_Logo", "rerun": "0"}, "1": {"status": "FAIL", "message": "   selenium.common.exceptions.NoSuchElementException: Message: no such element: Unable to locate element: {\"method\":\"xpath\",\"selector\":\"//input[@name='q']\"}\n     (Session info: chrome=111.0.5563.65)\n   Stacktrace:\n   Backtrace:\n   \t(No symbol) [0x0120DCE3]\n   \t(No symbol) [0x011A39D1]\n   \t(No symbol) [0x010B4DA8]\n   \t(No symbol) [0x010E019F]\n   \t(No symbol) [0x010E03AB]\n   \t(No symbol) [0x0110EE62]\n   \t(No symbol) [0x010FAF14]\n   \t(No symbol) [0x0110D57C]\n   \t(No symbol) [0x010FACC6]\n   \t(No symbol) [0x010D6F68]\n   \t(No symbol) [0x010D80CD]\n   \tGetHandleVerifier [0x01483832+2506274]\n   \tGetHandleVerifier [0x014B9794+2727300]\n   \tGetHandleVerifier [0x014BE36C+2746716]\n   \tGetHandleVerifier [0x012B6690+617600]\n   \t(No symbol) [0x011AC712]\n   \t(No symbol) [0x011B1FF8]\n   \t(No symbol) [0x011B20DB]\n   \t(No symbol) [0x011BC63B]\n   \tBaseThreadInitThunk [0x761200F9+25]\n   \tRtlGetAppContainerNamedObjectPath [0x77077BBE+286]\n   \tRtlGetAppContainerNamedObjectPath [0x77077B8E+238]\n", "test_name": "test_google_Search", "rerun": "0"}, "2": {"status": "PASS", "message": "", "test_name": "test_google_title", "rerun": "0"}}, "suite_name": "testScripts/test_google_cls.py"}}}, "date": "March 17, 2023", "start_time": 1679046784.9517395, "total_suite": 1, "status": "FAIL", "status_list": {"pass": "2", "fail": "1", "skip": "0", "error": "0", "xpass": "0", "xfail": "0", "rerun": "0"}, "total_tests": "3"}