{"content": {"suites": {"0": {"status": {"total_pass": 0, "total_skip": 0, "total_xpass": 0, "total_xfail": 0, "total_rerun": 0, "total_fail": 1, "total_error": 0}, "tests": {"0": {"status": "FAIL", "message": "   selenium.common.exceptions.ElementClickInterceptedException: Message: element click intercepted: Element <a href=\"/community\">...</a> is not clickable at point (446, 309). Other element would receive the click: <strong>...</strong>\n     (Session info: chrome=111.0.5563.65)\n   Stacktrace:\n   Backtrace:\n   \t(No symbol) [0x00B6DCE3]\n   \t(No symbol) [0x00B039D1]\n   \t(No symbol) [0x00A14DA8]\n   \t(No symbol) [0x00A452EA]\n   \t(No symbol) [0x00A43BBA]\n   \t(No symbol) [0x00A41EFB]\n   \t(No symbol) [0x00A41027]\n   \t(No symbol) [0x00A38D05]\n   \t(No symbol) [0x00A5AECC]\n   \t(No symbol) [0x00A38726]\n   \t(No symbol) [0x00A5B224]\n   \t(No symbol) [0x00A6D57C]\n   \t(No symbol) [0x00A5ACC6]\n   \t(No symbol) [0x00A36F68]\n   \t(No symbol) [0x00A380CD]\n   \tGetHandleVerifier [0x00DE3832+2506274]\n   \tGetHandleVerifier [0x00E19794+2727300]\n   \tGetHandleVerifier [0x00E1E36C+2746716]\n   \tGetHandleVerifier [0x00C16690+617600]\n   \t(No symbol) [0x00B0C712]\n   \t(No symbol) [0x00B11FF8]\n   \t(No symbol) [0x00B120DB]\n   \t(No symbol) [0x00B1C63B]\n   \tBaseThreadInitThunk [0x761200F9+25]\n   \tRtlGetAppContainerNamedObjectPath [0x77077BBE+286]\n   \tRtlGetAppContainerNamedObjectPath [0x77077B8E+238]\n", "test_name": "test_docker_HoverAndClickDevelopers", "rerun": "0"}}, "suite_name": "testScripts/test_docker.py"}, "1": {"suite_name": "testScripts/test_docker_class.py", "tests": {"0": {"status": "PASS", "message": "", "test_name": "test_docker_logo", "rerun": "0"}}, "status": {"total_pass": 1, "total_skip": 0, "total_xpass": 0, "total_xfail": 0, "total_rerun": 0, "total_fail": 0, "total_error": 0}}, "2": {"suite_name": "testScripts/test_docker_object.py", "tests": {"0": {"status": "PASS", "message": "", "test_name": "test_docker_getStarted", "rerun": "0"}, "1": {"status": "PASS", "message": "", "test_name": "test_PrintAllLinks", "rerun": "0"}}, "status": {"total_pass": 2, "total_skip": 0, "total_xpass": 0, "total_xfail": 0, "total_rerun": 0, "total_fail": 0, "total_error": 0}}, "3": {"suite_name": "testScripts/test_google.py", "tests": {"0": {"status": "PASS", "message": "", "test_name": "test_google_Search", "rerun": "0"}}, "status": {"total_pass": 1, "total_skip": 0, "total_xpass": 0, "total_xfail": 0, "total_rerun": 0, "total_fail": 0, "total_error": 0}}, "4": {"suite_name": "testScripts/test_google_class.py", "tests": {"0": {"status": "PASS", "message": "", "test_name": "test_google_Logo", "rerun": "0"}}, "status": {"total_pass": 1, "total_skip": 0, "total_xpass": 0, "total_xfail": 0, "total_rerun": 0, "total_fail": 0, "total_error": 0}}, "5": {"suite_name": "testScripts/test_google_cls.py", "tests": {"0": {"status": "ERROR", "message": "request = <SubRequest 'crossbrowsertesting' for <Function test_google_Logo>>\nparams = {'browser': None}\n\n    @pytest.fixture()\n    def crossbrowsertesting(request, params):\n        print(\"initiating chrome driver\")\n        driver = \"\"\n        if params[\"browser\"]==\"chrome\":\n            driver=webdriver.Chrome(service=Service(ChromeDriverManager().install()))\n        if params[\"browser\"] == \"firefox\":\n            driver = webdriver.Firefox(service=Service(GeckoDriverManager().install()))\n        request.cls.driver =driver\n>       driver.maximize_window()\nE       AttributeError: 'str' object has no attribute 'maximize_window'\n\ntestScripts\\conftest.py:53: AttributeError\n", "test_name": "test_google_Logo", "rerun": "0"}}, "status": {"total_pass": 0, "total_skip": 0, "total_xpass": 0, "total_xfail": 0, "total_rerun": 0, "total_fail": 0, "total_error": 1}}, "6": {"suite_name": "testScripts/test_google_object.py", "tests": {"0": {"status": "PASS", "message": "", "test_name": "test_google_Logo", "rerun": "0"}, "1": {"status": "PASS", "message": "", "test_name": "test_google_Search", "rerun": "0"}}, "status": {"total_pass": 2, "total_skip": 0, "total_xpass": 0, "total_xfail": 0, "total_rerun": 0, "total_fail": 0, "total_error": 0}}}}, "date": "March 17, 2023", "start_time": 1679047409.1009188, "total_suite": 7, "status": "FAIL", "status_list": {"pass": "7", "fail": "1", "skip": "0", "error": "1", "xpass": "0", "xfail": "0", "rerun": "0"}, "total_tests": "9"}