{"content": {"suites": {"0": {"status": {"total_pass": 2, "total_skip": 0, "total_xpass": 0, "total_xfail": 0, "total_rerun": 0, "total_fail": 1, "total_error": 0}, "tests": {"0": {"status": "PASS", "message": "", "test_name": "test_google_Logo", "rerun": "0"}, "1": {"status": "FAIL", "message": "   AttributeError: 'list' object has no attribute 'send_keys'\n", "test_name": "test_google_Search", "rerun": "0"}, "2": {"status": "PASS", "message": "", "test_name": "test_google_title", "rerun": "0"}}, "suite_name": "testScripts/test_google_object.py"}}}, "date": "March 16, 2023", "start_time": 1678962323.9697473, "total_suite": 1, "status": "FAIL", "status_list": {"pass": "2", "fail": "1", "skip": "0", "error": "0", "xpass": "0", "xfail": "0", "rerun": "0"}, "total_tests": "3"}