{"content": {"suites": {"0": {"status": {"total_pass": 2, "total_skip": 0, "total_xpass": 0, "total_xfail": 0, "total_rerun": 0, "total_fail": 1, "total_error": 0}, "tests": {"0": {"status": "PASS", "message": "", "test_name": "test_google_Logo", "rerun": "0"}, "1": {"status": "FAIL", "message": "   selenium.common.exceptions.NoSuchElementException: Message: Unable to locate element: //input[@name='q']\n   Stacktrace:\n   RemoteError@chrome://remote/content/shared/RemoteError.sys.mjs:8:8\n   WebDriverError@chrome://remote/content/shared/webdriver/Errors.sys.mjs:180:5\n   NoSuchElementError@chrome://remote/content/shared/webdriver/Errors.sys.mjs:392:5\n   element.find/</<@chrome://remote/content/marionette/element.sys.mjs:134:16\n", "test_name": "test_google_Search", "rerun": "0"}, "2": {"status": "PASS", "message": "", "test_name": "test_google_title", "rerun": "0"}}, "suite_name": "testScripts/test_google_cls.py"}}}, "date": "March 17, 2023", "start_time": 1679047020.4464302, "total_suite": 1, "status": "FAIL", "status_list": {"pass": "2", "fail": "1", "skip": "0", "error": "0", "xpass": "0", "xfail": "0", "rerun": "0"}, "total_tests": "3"}