{"content": {"suites": {"0": {"status": {"total_pass": 0, "total_skip": 0, "total_xpass": 0, "total_xfail": 0, "total_rerun": 0, "total_fail": 0, "total_error": 3}, "tests": {"0": {"status": "ERROR", "message": "ScopeMismatch: You tried to access the function scoped fixture params with a class scoped request object, involved factories:\ntestScripts\\conftest.py:44:  def crossbrowsertesting(request, params)\ntestScripts\\conftest.py:38:  def params(request)\n", "test_name": "test_google_Logo", "rerun": "0"}, "1": {"status": "ERROR", "message": "ScopeMismatch: You tried to access the function scoped fixture params with a class scoped request object, involved factories:\ntestScripts\\conftest.py:44:  def crossbrowsertesting(request, params)\ntestScripts\\conftest.py:38:  def params(request)\n", "test_name": "test_google_Search", "rerun": "0"}, "2": {"status": "ERROR", "message": "ScopeMismatch: You tried to access the function scoped fixture params with a class scoped request object, involved factories:\ntestScripts\\conftest.py:44:  def crossbrowsertesting(request, params)\ntestScripts\\conftest.py:38:  def params(request)\n", "test_name": "test_google_title", "rerun": "0"}}, "suite_name": "testScripts/test_google_cls.py"}}}, "date": "March 17, 2023", "start_time": 1679042272.6664374, "total_suite": 1, "status": "FAIL", "status_list": {"pass": "0", "fail": "0", "skip": "0", "error": "3", "xpass": "0", "xfail": "0", "rerun": "0"}, "total_tests": "3"}