{"content": {"suites": {"0": {"status": {"total_pass": 0, "total_skip": 0, "total_xpass": 0, "total_xfail": 0, "total_rerun": 0, "total_fail": 0, "total_error": 3}, "tests": {"0": {"status": "ERROR", "message": "request = <SubRequest 'crossbrowsertesting' for <Function test_google_Logo>>, params = {'browser': None}\n\n    @pytest.fixture()\n    def crossbrowsertesting(request, params):\n        print(\"initiating chrome driver\")\n        driver = \"\"\n        if params[\"browser\"]==\"chrome\":\n            driver=webdriver.Chrome(service=Service(ChromeDriverManager().install()))\n        if params[\"browser\"] == \"firefox\":\n            driver = webdriver.Firefox(service=Service(GeckoDriverManager().install()))\n        request.cls.driver =driver\n>       driver.maximize_window()\nE       AttributeError: 'str' object has no attribute 'maximize_window'\n\ntestScripts\\conftest.py:54: AttributeError\n", "test_name": "test_google_Logo", "rerun": "0"}, "1": {"status": "ERROR", "message": "request = <SubRequest 'crossbrowsertesting' for <Function test_google_Search>>, params = {'browser': None}\n\n    @pytest.fixture()\n    def crossbrowsertesting(request, params):\n        print(\"initiating chrome driver\")\n        driver = \"\"\n        if params[\"browser\"]==\"chrome\":\n            driver=webdriver.Chrome(service=Service(ChromeDriverManager().install()))\n        if params[\"browser\"] == \"firefox\":\n            driver = webdriver.Firefox(service=Service(GeckoDriverManager().install()))\n        request.cls.driver =driver\n>       driver.maximize_window()\nE       AttributeError: 'str' object has no attribute 'maximize_window'\n\ntestScripts\\conftest.py:54: AttributeError\n", "test_name": "test_google_Search", "rerun": "0"}, "2": {"status": "ERROR", "message": "request = <SubRequest 'crossbrowsertesting' for <Function test_google_title>>, params = {'browser': None}\n\n    @pytest.fixture()\n    def crossbrowsertesting(request, params):\n        print(\"initiating chrome driver\")\n        driver = \"\"\n        if params[\"browser\"]==\"chrome\":\n            driver=webdriver.Chrome(service=Service(ChromeDriverManager().install()))\n        if params[\"browser\"] == \"firefox\":\n            driver = webdriver.Firefox(service=Service(GeckoDriverManager().install()))\n        request.cls.driver =driver\n>       driver.maximize_window()\nE       AttributeError: 'str' object has no attribute 'maximize_window'\n\ntestScripts\\conftest.py:54: AttributeError\n", "test_name": "test_google_title", "rerun": "0"}}, "suite_name": "testScripts/test_google_cls.py"}}}, "date": "March 17, 2023", "start_time": 1679048569.1994526, "total_suite": 1, "status": "FAIL", "status_list": {"pass": "0", "fail": "0", "skip": "0", "error": "3", "xpass": "0", "xfail": "0", "rerun": "0"}, "total_tests": "3"}