{"content": {"suites": {"0": {"status": {"total_pass": 2, "total_skip": 0, "total_xpass": 0, "total_xfail": 0, "total_rerun": 0, "total_fail": 1, "total_error": 0}, "tests": {"0": {"status": "PASS", "message": "", "test_name": "test_google_Logo", "rerun": "0"}, "1": {"status": "FAIL", "message": "   selenium.common.exceptions.NoSuchElementException: Message: no such element: Unable to locate element: {\"method\":\"xpath\",\"selector\":\"//input[@name='q']\"}\n     (Session info: chrome=111.0.5563.65)\n   Stacktrace:\n   Backtrace:\n   \t(No symbol) [0x00D8DCE3]\n   \t(No symbol) [0x00D239D1]\n   \t(No symbol) [0x00C34DA8]\n   \t(No symbol) [0x00C6019F]\n   \t(No symbol) [0x00C603AB]\n   \t(No symbol) [0x00C8EE62]\n   \t(No symbol) [0x00C7AF14]\n   \t(No symbol) [0x00C8D57C]\n   \t(No symbol) [0x00C7ACC6]\n   \t(No symbol) [0x00C56F68]\n   \t(No symbol) [0x00C580CD]\n   \tGetHandleVerifier [0x01003832+2506274]\n   \tGetHandleVerifier [0x01039794+2727300]\n   \tGetHandleVerifier [0x0103E36C+2746716]\n   \tGetHandleVerifier [0x00E36690+617600]\n   \t(No symbol) [0x00D2C712]\n   \t(No symbol) [0x00D31FF8]\n   \t(No symbol) [0x00D320DB]\n   \t(No symbol) [0x00D3C63B]\n   \tBaseThreadInitThunk [0x76AD00F9+25]\n   \tRtlGetAppContainerNamedObjectPath [0x76F37BBE+286]\n   \tRtlGetAppContainerNamedObjectPath [0x76F37B8E+238]\n", "test_name": "test_google_Search", "rerun": "0"}, "2": {"status": "PASS", "message": "", "test_name": "test_google_title", "rerun": "0"}}, "suite_name": "testScripts/test_google_object.py"}}}, "date": "March 16, 2023", "start_time": 1678962392.81871, "total_suite": 1, "status": "FAIL", "status_list": {"pass": "2", "fail": "1", "skip": "0", "error": "0", "xpass": "0", "xfail": "0", "rerun": "0"}, "total_tests": "3"}