{"content": {"suites": {"0": {"status": {"total_pass": 2, "total_skip": 0, "total_xpass": 0, "total_xfail": 0, "total_rerun": 0, "total_fail": 0, "total_error": 0}, "tests": {"0": {"status": "PASS", "message": "", "test_name": "test_docker_getStarted", "rerun": "0"}, "1": {"status": "PASS", "message": "", "test_name": "test_docker_HoverAndClickDevelopers", "rerun": "0"}}, "suite_name": "testScripts/test_docker_class.py"}, "1": {"suite_name": "testScripts/test_docker_object.py", "tests": {"0": {"status": "PASS", "message": "", "test_name": "test_docker_logo", "rerun": "0"}, "1": {"status": "PASS", "message": "", "test_name": "test_PrintAllLinks", "rerun": "0"}}, "status": {"total_pass": 2, "total_skip": 0, "total_xpass": 0, "total_xfail": 0, "total_rerun": 0, "total_fail": 0, "total_error": 0}}, "2": {"suite_name": "testScripts/test_google.py", "tests": {"0": {"status": "PASS", "message": "", "test_name": "test_google_Search", "rerun": "0"}}, "status": {"total_pass": 1, "total_skip": 0, "total_xpass": 0, "total_xfail": 0, "total_rerun": 0, "total_fail": 0, "total_error": 0}}, "3": {"suite_name": "testScripts/test_google_class.py", "tests": {"0": {"status": "PASS", "message": "", "test_name": "test_google_Search", "rerun": "0"}}, "status": {"total_pass": 1, "total_skip": 0, "total_xpass": 0, "total_xfail": 0, "total_rerun": 0, "total_fail": 0, "total_error": 0}}, "4": {"suite_name": "testScripts/test_google_object.py", "tests": {"0": {"status": "PASS", "message": "", "test_name": "test_google_title", "rerun": "0"}}, "status": {"total_pass": 1, "total_skip": 0, "total_xpass": 0, "total_xfail": 0, "total_rerun": 0, "total_fail": 0, "total_error": 0}}}}, "date": "March 17, 2023", "start_time": 1679047880.204142, "total_suite": 5, "status": "PASS", "status_list": {"pass": "7", "fail": "0", "skip": "0", "error": "0", "xpass": "0", "xfail": "0", "rerun": "0"}, "total_tests": "7"}