{"content": {"suites": {"0": {"status": {"total_pass": 1, "total_skip": 0, "total_xpass": 0, "total_xfail": 0, "total_rerun": 0, "total_fail": 0, "total_error": 0}, "tests": {"0": {"status": "PASS", "message": "", "test_name": "test_docker_HoverAndClickDevelopers", "rerun": "0"}}, "suite_name": "testScripts/test_docker.py"}, "1": {"suite_name": "testScripts/test_docker_class.py", "tests": {"0": {"status": "PASS", "message": "", "test_name": "test_docker_logo", "rerun": "0"}}, "status": {"total_pass": 1, "total_skip": 0, "total_xpass": 0, "total_xfail": 0, "total_rerun": 0, "total_fail": 0, "total_error": 0}}, "2": {"suite_name": "testScripts/test_docker_object.py", "tests": {"0": {"status": "PASS", "message": "", "test_name": "test_docker_HoverAndClickDevelopers", "rerun": "0"}, "1": {"status": "PASS", "message": "", "test_name": "test_HeaderMenuLinks", "rerun": "0"}}, "status": {"total_pass": 2, "total_skip": 0, "total_xpass": 0, "total_xfail": 0, "total_rerun": 0, "total_fail": 0, "total_error": 0}}, "3": {"suite_name": "testScripts/test_google_class.py", "tests": {"0": {"status": "PASS", "message": "", "test_name": "test_google_Logo", "rerun": "0"}}, "status": {"total_pass": 1, "total_skip": 0, "total_xpass": 0, "total_xfail": 0, "total_rerun": 0, "total_fail": 0, "total_error": 0}}, "4": {"suite_name": "testScripts/test_google_cls.py", "tests": {"0": {"status": "ERROR", "message": "request = <SubRequest 'crossbrowsertesting' for <Function test_google_Logo>>\nparams = {'browser': None}\n\n    @pytest.fixture()\n    def crossbrowsertesting(request, params):\n        print(\"initiating chrome driver\")\n        driver = \"\"\n        if params[\"browser\"]==\"chrome\":\n            driver=webdriver.Chrome(service=Service(ChromeDriverManager().install()))\n        if params[\"browser\"] == \"firefox\":\n            driver = webdriver.Firefox(service=Service(GeckoDriverManager().install()))\n        request.cls.driver =driver\n>       driver.maximize_window()\nE       AttributeError: 'str' object has no attribute 'maximize_window'\n\ntestScripts\\conftest.py:53: AttributeError\n", "test_name": "test_google_Logo", "rerun": "0"}, "1": {"status": "ERROR", "message": "request = <SubRequest 'crossbrowsertesting' for <Function test_google_Search>>\nparams = {'browser': None}\n\n    @pytest.fixture()\n    def crossbrowsertesting(request, params):\n        print(\"initiating chrome driver\")\n        driver = \"\"\n        if params[\"browser\"]==\"chrome\":\n            driver=webdriver.Chrome(service=Service(ChromeDriverManager().install()))\n        if params[\"browser\"] == \"firefox\":\n            driver = webdriver.Firefox(service=Service(GeckoDriverManager().install()))\n        request.cls.driver =driver\n>       driver.maximize_window()\nE       AttributeError: 'str' object has no attribute 'maximize_window'\n\ntestScripts\\conftest.py:53: AttributeError\n", "test_name": "test_google_Search", "rerun": "0"}, "2": {"status": "ERROR", "message": "request = <SubRequest 'crossbrowsertesting' for <Function test_google_title>>\nparams = {'browser': None}\n\n    @pytest.fixture()\n    def crossbrowsertesting(request, params):\n        print(\"initiating chrome driver\")\n        driver = \"\"\n        if params[\"browser\"]==\"chrome\":\n            driver=webdriver.Chrome(service=Service(ChromeDriverManager().install()))\n        if params[\"browser\"] == \"firefox\":\n            driver = webdriver.Firefox(service=Service(GeckoDriverManager().install()))\n        request.cls.driver =driver\n>       driver.maximize_window()\nE       AttributeError: 'str' object has no attribute 'maximize_window'\n\ntestScripts\\conftest.py:53: AttributeError\n", "test_name": "test_google_title", "rerun": "0"}}, "status": {"total_pass": 0, "total_skip": 0, "total_xpass": 0, "total_xfail": 0, "total_rerun": 0, "total_fail": 0, "total_error": 3}}, "5": {"suite_name": "testScripts/test_google_object.py", "tests": {"0": {"status": "PASS", "message": "", "test_name": "test_google_Logo", "rerun": "0"}, "1": {"status": "PASS", "message": "", "test_name": "test_google_Search", "rerun": "0"}}, "status": {"total_pass": 2, "total_skip": 0, "total_xpass": 0, "total_xfail": 0, "total_rerun": 0, "total_fail": 0, "total_error": 0}}}}, "date": "March 17, 2023", "start_time": 1679047875.570717, "total_suite": 6, "status": "FAIL", "status_list": {"pass": "7", "fail": "0", "skip": "0", "error": "3", "xpass": "0", "xfail": "0", "rerun": "0"}, "total_tests": "10"}