{"content": {"suites": {"0": {"status": {"total_pass": 0, "total_skip": 0, "total_xpass": 0, "total_xfail": 0, "total_rerun": 0, "total_fail": 2, "total_error": 0}, "tests": {"0": {"status": "FAIL", "message": "   TypeError: install() missing 1 required positional argument: 'self'\n", "test_name": "test_docker_logo", "rerun": "0"}, "1": {"status": "FAIL", "message": "   TypeError: install() missing 1 required positional argument: 'self'\n", "test_name": "test_docker_getStarted", "rerun": "0"}}, "suite_name": "testScripts/test_docker.py"}}}, "date": "March 17, 2023", "start_time": 1679029445.6566844, "total_suite": 1, "status": "FAIL", "status_list": {"pass": "0", "fail": "2", "skip": "0", "error": "0", "xpass": "0", "xfail": "0", "rerun": "0"}, "total_tests": "2"}