{"content": {"suites": {"0": {"status": {"total_pass": 2, "total_skip": 0, "total_xpass": 0, "total_xfail": 0, "total_rerun": 0, "total_fail": 0, "total_error": 0}, "tests": {"0": {"status": "PASS", "message": "", "test_name": "test_docker_logo", "rerun": "0"}, "1": {"status": "PASS", "message": "", "test_name": "test_docker_getStarted", "rerun": "0"}}, "suite_name": "testScripts/test_docker_object.py"}}}, "date": "March 18, 2023", "start_time": 1679113200.0892677, "total_suite": 1, "status": "PASS", "status_list": {"pass": "2", "fail": "0", "skip": "0", "error": "0", "xpass": "0", "xfail": "0", "rerun": "0"}, "total_tests": "2"}